<Case ID="2">
  <Study ID="3">
    <Pathology />
    <Scanner_Data>
      <Protocols />
      <Raw>
        <Modality>
          <CT>
            <Original />
            <Composed />
          </CT>
          <CTA>
            <Original />
            <Composed>
              <Files ID="1" TreamtmentTime="Pre-Treatment">
                <File Filename="Patient_01_CTA.dcm" />
              </Files>
            </Composed>
          </CTA>
          <DSA>
            <Original />
            <Composed>
              <Files ID="117" TreamtmentTime="Pre-Treatment">
                <File Filename="liACI_NoA_1024_1024_24_Im0" />
                <File Filename="liACI_NoA_1024_1024_24_Im611" />
                <File Filename="liACI_NoA_VOI_1024x1024x16_Im1" />
                <File Filename="liACI_NoA_VOI_1024x1024x16_Im2" />
                <File Filename="reACI_A_1024x1024x29_Im607" />
                <File Filename="reACI_A_1024x1024x29_Im608" />
                <File Filename="reACI_A_VOI_1024x1024x19_Im609" />
                <File Filename="reACI_A_VOI_1024x1024x19_Im610" />
              </Files>
            </Composed>
          </DSA>
          <Flow_Data>
            <Original />
            <Composed />
          </Flow_Data>
          <MRA>
            <Original />
            <Composed />
          </MRA>
          <MRT>
            <Original />
            <Composed />
          </MRT>
          <Ultrasound>
            <Original />
            <Composed />
          </Ultrasound>
        </Modality>
      </Raw>
    </Scanner_Data>
    <Reconstruction_Data>
      <Vessel-Mesh>
        <InnerMesh Time="0.01" NumSteps="22" Systole="14.6"/>
        <OuterMesh />
      </Vessel-Mesh>
      <Ostium />
      <Centerlines />
      <Implantat-Mesh />
      <Segmentation />
      <Flow>
        <Steady />
        <Unsteady />
      </Flow>
    </Reconstruction_Data>
    <Simulation_Data>
      <Steady>
        <OpenFoam />
        <Ensight />
        <VTU />
        <VTK />
      </Steady>
      <Unsteady>
        <Ensight />
        <VTU />
        <VTK />
      </Unsteady>
    </Simulation_Data>
    <Media_Data>
      <Images>
        <Clinical />
        <Reconstruction />
        <Simulation />
        <Misc />
      </Images>
      <Videos>
        <Clinical />
        <Reconstruction />
        <Simulation />
        <Misc />
      </Videos>
      <Talks>
        <Med />
        <ISG />
        <ISUT />
        <Misc />
      </Talks>
    </Media_Data>
  </Study>
</Case>