<Parameters>
  <OneDimCriteria>
    <Diameter Value="13,34951">
      <Point ID="1" X="-3.254682" Y="8.515564" Z="7.828583" R="190" G="186" B="218">
      </Point>
      <Point ID="2" X="-0.7963026" Y="-2.843445" Z="14.39659" R="190" G="186" B="218">
      </Point>
    </Diameter>
    <NeckWidth Value="7,388293">
      <Point ID="1" X="2.187889" Y="4.023163" Z="7.456467" R="141" G="211" B="199">
      </Point>
      <Point ID="2" X="-4.552982" Y="6.426208" Z="5.619919" R="141" G="211" B="199">
      </Point>
    </NeckWidth>
    <DomeWidth Value="9,797796">
      <Point ID="1" X="0.0209775" Y="2.475555" Z="5.726593" R="251" G="128" B="114">
      </Point>
      <Point ID="2" X="-3.449839" Y="9.15006" Z="12.00363" R="251" G="128" B="114">
      </Point>
    </DomeWidth>
    <Height Value="11,77335">
      <Point ID="1" X="-1.186952" Y="-2.67244" Z="14.71059" R="128" G="177" B="211">
      </Point>
      <Point ID="2" X="-0.8834226" Y="5.473989" Z="6.216156" R="128" G="177" B="211">
      </Point>
    </Height>
    <BulgeHeight Value="1,698196">
      <Point ID="1" X="-0.8834226" Y="5.473989" Z="6.216156" R="253" G="180" B="98">
      </Point>
      <Point ID="2" X="-0.9272039" Y="4.298943" Z="7.441398" R="253" G="180" B="98">
      </Point>
    </BulgeHeight>
    <VesselDiameter Value="1,270399">
      <Point ID="1" X="-5.51" Y="4.15" Z="0.84" R="179" G="222" B="105">
      </Point>
      <Point ID="2" X="-5.51" Y="3.28" Z="3.19" R="179" G="222" B="105">
      </Point>
    </VesselDiameter>
    <VesselAngle Value="63,76648">
      <Point ID="1" X="-0.05213165" Y="4.975558" Z="6.48267" R="255" G="255" B="179">
      </Point>
      <Point ID="2" X="-0.9092036" Y="4.782051" Z="6.937653" R="255" G="255" B="179">
      </Point>
    </VesselAngle>
  </OneDimCriteria>
  <TwoDimCriteria>
    <AspectRatio Value="1.593514" First="Height" Second="NeckWidth">
    </AspectRatio>
    <BottleneckFac Value="1.326124" First="DomeWidth" Second="NeckWidth">
    </BottleneckFac>
    <BulgeLoc Value="0.1442406" First="BulgeHeight" Second="Height">
    </BulgeLoc>
    <ParentVesselRatio Value="10.50812" First="Diameter" Second="VesselDiameter">
    </ParentVesselRatio>
    <AneurysmRatio Value="1.201632" First="Height" Second="DomeWidth">
    </AneurysmRatio>
  </TwoDimCriteria>
</Parameters>